id_miembro,nombre,apellido,correo,telefono,barrio,nacimiento
1,Barrie,Matejka,bmatejka0@pcworld.com,1591938594,,1942-10-25
2,Papageno,Ingram,pingram1@taobao.com,1539030989,,2008-02-12
3,Ram,Brockman,rbrockman2@addthis.com,1582242224,CN,
4,Ailbert,Perschke,aperschke3@salon.com,1564314236,GR,
5,Gabey,Bourgaize,,1531134806,AU,1984-10-02
6,Johnnie,Hartegan,jhartegan5@yellowpages.com,1538136205,CA,
7,Carmela,Venn,cvenn6@feedburner.com,1597723430,,1976-11-26
8,Anatola,Pleass,apleass7@vk.com,1502349752,,
9,Virgil,Reeders,,1597752759,US,2023-11-01
10,Leanora,Benza,,1572447108,MX,1991-11-19
11,Uri,Gooderson,ugoodersona@nps.gov,1597139550,CA,1942-06-15
12,Taber,Scyone,tscyoneb@devhub.com,,PG,
13,Tildy,McRitchie,tmcritchiec@last.fm,1563696377,CG,
14,Tierney,Rudwell,trudwelld@typepad.com,1510322792,AU,2009-03-09
15,Rupert,Lamyman,rlamymane@mac.com,1527625184,,1955-10-09
16,Hazel,Moquin,hmoquinf@amazon.com,1503452554,,1986-02-03
17,Darell,Hutchison,dhutchisong@discovery.com,1542075830,AU,
18,Adelina,Methingam,amethingamh@yahoo.co.jp,1546085792,,1999-06-21
19,Jori,Zamboniari,jzamboniarii@berkeley.edu,1588261122,US,1968-05-23
20,Fredrika,Tinan,ftinanj@google.com.hk,1515665848,,
21,Monika,Fuzzens,mfuzzensk@google.pl,1503127007,BR,
22,Elka,Gritsunov,egritsunovl@eepurl.com,1571993881,US,1940-04-18
23,Eveleen,Durden,,1546625473,CA,1982-11-13
24,Artur,Gave,agaven@dot.gov,,BD,
25,Johnna,Brumby,jbrumbyo@php.net,1513317667,FR,1955-12-16
26,Caprice,Litzmann,clitzmannp@cdc.gov,1589684776,,1917-04-02
27,Madalyn,Plane,mplaneq@nasa.gov,1581938584,CO,1985-01-05
28,Bobinette,McMurray,,1551233820,US,1917-12-04
29,Danella,Tupman,dtupmans@cargocollective.com,1586630996,,1944-03-21
30,Gwyneth,Wallach,gwallacht@stumbleupon.com,1539243799,CA,1948-07-13
31,Jeannie,Rubertis,jrubertisu@gnu.org,1535900704,NZ,
32,Byrle,Cullotey,bculloteyv@blinklist.com,1501927016,AF,
33,Cassey,Fawdry,cfawdryw@uiuc.edu,1557066610,MN,1933-07-09
34,Clotilda,Grint,cgrintx@squidoo.com,1599798833,MH,1999-12-31
35,Belle,Andreasson,bandreassony@google.cn,1562098502,VI,1946-11-17
36,Conny,Moxley,cmoxleyz@rakuten.co.jp,,,1966-05-19
37,Frasier,Cleugher,fcleugher10@people.com.cn,1516601216,,2008-06-06
38,Evyn,Newlin,enewlin11@unesco.org,1572882521,LK,1953-05-05
39,Brooke,O'Caherny,bocaherny12@ebay.co.uk,,US,1911-12-14
40,Orran,Scare,oscare13@wordpress.org,1589415313,,1927-01-10
41,Petrina,Banasiak,pbanasiak14@free.fr,,,1925-02-03
42,Frazer,Chatenier,,1521655414,CK,2006-07-15
43,Osborn,Schlag,oschlag16@liveinternet.ru,1556879541,AU,1991-09-27
44,Tremaine,Mearns,tmearns17@mapquest.com,1527457140,MN,1948-12-28
45,Hildagard,Howgill,hhowgill18@cpanel.net,,DE,1967-05-12
46,Colver,Bratton,cbratton19@samsung.com,1522675526,VE,1938-08-03
47,Aile,Codman,acodman1a@prnewswire.com,,DE,1920-05-04
48,Yance,Hedde,yhedde1b@google.com.au,1576082532,US,
49,Aeriell,Bortoli,abortoli1c@stanford.edu,,US,2012-10-09
50,Brittany,Worgan,,1501368364,,1994-12-23
51,Wynnie,Egdal,wegdal1e@cbsnews.com,1583481048,IQ,1951-09-07
52,Jarrid,Cobb,,1599687453,,
53,Maighdiln,Thompsett,mthompsett1g@mayoclinic.com,1553613045,US,1978-10-04
54,Yorgo,Bearfoot,ybearfoot1h@usda.gov,1523591521,RU,1940-07-15
55,Cale,Luckie,cluckie1i@ucsd.edu,,,1949-05-30
56,Lula,Beese,lbeese1j@slate.com,1568381842,,1965-09-16
57,Nannie,Coupe,ncoupe1k@foxnews.com,1542627614,AU,
58,Casandra,Doole,cdoole1l@odnoklassniki.ru,1550527289,,1954-04-21
59,Robbert,Acutt,racutt1m@tmall.com,1516204398,ZA,
60,Aleda,Tarn,atarn1n@miitbeian.gov.cn,1548191794,VE,1946-03-02
61,Drusilla,Mingaye,dmingaye1o@blinklist.com,1557071955,CA,1987-10-24
62,Braden,Peers,bpeers1p@theatlantic.com,1586206380,,2001-08-15
63,Auberta,Hoyes,ahoyes1q@smh.com.au,1566114594,CA,1927-05-24
64,Lanie,Warbey,lwarbey1r@pbs.org,1544571978,KR,
65,Levi,McKew,lmckew1s@i2i.jp,,,2012-02-11
66,Marquita,Maes,mmaes1t@instagram.com,1550204342,PG,
67,Fenelia,Kauscher,,1588328759,AU,1986-12-05
68,Mic,Schoales,mschoales1v@amazon.de,1579571198,CA,2020-03-22
69,Debra,Oscroft,,1527478423,US,
70,Kalle,Herche,kherche1x@cnbc.com,1585565608,,
71,Adair,Dies,adies1y@disqus.com,1562146746,FR,2005-06-04
72,Amalita,Masham,amasham1z@home.pl,1510374218,AU,
73,Bordy,felip,bfelip20@rediff.com,1504010244,US,1914-01-06
74,Basile,Boissieux,bboissieux21@g.co,1509780872,US,1982-05-10
75,Marys,Elphinstone,melphinstone22@examiner.com,1514222033,,1944-09-13
76,Beck,Thorneloe,bthorneloe23@nifty.com,1557921875,CA,2006-04-16
77,Bary,Jiras,bjiras24@mashable.com,,GR,1900-03-20
78,Alford,Shortan,ashortan25@issuu.com,1502820319,MG,1966-05-02
79,Minne,Scothorn,mscothorn26@bloglovin.com,,TR,
80,Jacklyn,Burnsides,,1536384476,US,1934-03-18
81,Gusta,Tabert,gtabert28@latimes.com,1599506336,ZA,2006-10-11
82,Marion,Krysztowczyk,mkrysztowczyk29@forbes.com,,US,1913-05-22
83,Sherlock,Jurewicz,,1560879171,,
84,Ethyl,Skirrow,eskirrow2b@yale.edu,1500328273,US,1949-07-09
85,Greer,Trouel,gtrouel2c@census.gov,1598237681,TR,1978-09-15
86,Rochette,Henner,rhenner2d@phoca.cz,1587803952,FR,
87,Joly,Cherm,jcherm2e@blogspot.com,1506856044,PK,
88,Roberto,Solway,,1536270287,,
89,Myra,Winterson,mwinterson2g@huffingtonpost.com,1526164162,US,1950-12-08
90,Eward,Ekkel,,1533593887,,2015-01-04
91,Deloris,Wolters,dwolters2i@dagondesign.com,,CA,1900-08-03
92,Cristine,Vaisey,cvaisey2j@un.org,1508263948,US,
93,Carrol,Cator,ccator2k@netlog.com,1565138821,,1979-12-20
94,Cathee,Bleeze,cbleeze2l@phoca.cz,1518618814,NG,
95,Wandie,Kidgell,wkidgell2m@blogger.com,1500886307,CR,
96,Nikolos,Molfino,nmolfino2n@utexas.edu,1581757782,,
97,George,Micklewright,gmicklewright2o@webeden.co.uk,1531634260,,1923-12-10
98,Avivah,Fendt,,,CA,
99,Manuel,Tidbold,mtidbold2q@nydailynews.com,1573270638,,
100,Kit,Chiplin,kchiplin2r@scientificamerican.com,1569095410,,
101,Renell,Gremain,rgremain2s@mtv.com,,,
102,Gabrila,Trusdale,,1517320373,US,2015-06-18
103,Ardella,Chaize,achaize2u@tmall.com,1565207684,CA,1961-07-07
104,Irwinn,Dee,,1582652907,,1956-08-26
105,Molli,Satyford,msatyford2w@squarespace.com,1523406397,KE,1982-03-30
106,Sigvard,Tibols,stibols2x@wikispaces.com,1520801649,ID,1902-11-25
107,Jacki,Cowup,jcowup2y@xrea.com,1579858255,KH,
108,Kendre,Allabush,,1540970825,NA,1968-08-15
109,Alphonse,Beilby,abeilby30@mlb.com,,,1959-09-14
110,Sansone,Matitiaho,smatitiaho31@yahoo.com,1564286657,JP,1939-05-04
111,Abbye,Grundon,agrundon32@prlog.org,1512795386,ET,
112,Matteo,Costar,mcostar33@zdnet.com,1562462767,PL,
113,Huey,Whitticks,,1583711859,,
114,Melany,Gawen,mgawen35@army.mil,1574114191,FR,1996-09-16
115,Dominga,Adin,dadin36@ifeng.com,1584347952,MR,2016-01-24
116,Juliann,Pipping,jpipping37@soup.io,1539461238,NO,1915-05-01
117,Harley,Udale,hudale38@cafepress.com,1503823786,US,1923-07-21
118,Lissie,Helix,lhelix39@sciencedaily.com,1506217582,US,
119,Karee,Deekes,kdeekes3a@cocolog-nifty.com,1582617605,DK,
120,Leoline,Bemment,lbemment3b@cbsnews.com,1549186212,MH,
121,Laryssa,Chisolm,lchisolm3c@wired.com,,GA,1979-06-30
122,Concettina,Muston,cmuston3d@amazonaws.com,1513277858,RU,
123,Jilli,Melding,jmelding3e@people.com.cn,1598800952,CA,1959-12-17
124,Cobby,Mac Giolla Pheadair,,1565522613,,
125,Iris,Yesson,iyesson3g@surveymonkey.com,1596032982,RU,1990-10-25
126,Wilmer,Barham,wbarham3h@vistaprint.com,1591722174,,
127,Honoria,Bothie,,1544431443,IR,2008-02-06
128,Janenna,Niave,jniave3j@t-online.de,1532690418,BO,
129,Alvinia,Blything,ablything3k@chron.com,1581774151,CA,1952-05-01
130,Raddy,Reiner,rreiner3l@pcworld.com,1572804639,US,
131,Beth,McGarel,bmcgarel3m@bloomberg.com,1575659576,TD,1949-05-05
132,Dill,Corneliussen,dcorneliussen3n@google.nl,1552643631,US,
133,Allina,Cornewell,acornewell3o@flavors.me,1596136524,,2000-05-23
134,Willamina,Oulet,,1577400781,,1989-11-02
135,Benjy,Sondland,,1564023654,NP,1962-06-02
136,Shurwood,Jurasz,,1547919106,US,1974-11-17
137,Cassius,Huddy,chuddy3s@theatlantic.com,1588079806,AT,2015-03-26
138,Fin,Bowick,fbowick3t@discuz.net,1513385273,ID,1954-05-29
139,Kelci,O'Crowley,kocrowley3u@oaic.gov.au,1577987371,IE,1925-10-09
140,Neille,Biggs,nbiggs3v@yellowbook.com,1548260521,LY,
141,Gael,Spacie,gspacie3w@w3.org,1559368101,UA,1965-11-16
142,Victor,Garbert,vgarbert3x@washingtonpost.com,1555923682,GB,2002-01-08
143,Gillie,Arbuckle,garbuckle3y@newyorker.com,1511980319,,1962-09-22
144,Ansell,Folks,afolks3z@shutterfly.com,1520846621,DE,1955-09-25
145,Livvie,Benasik,lbenasik40@geocities.com,,PG,1901-08-29
146,Ofilia,Ipsley,oipsley41@berkeley.edu,,IN,1919-09-24
147,Eldon,Rumble,,1503226348,AU,1978-03-25
148,Lani,Argyle,largyle43@go.com,,,1936-06-04
149,Codie,Enders,cenders44@slideshare.net,1543012882,ES,1966-10-07
150,Gavin,Mapledoore,gmapledoore45@xinhuanet.com,1552357582,,1913-01-03
